{
  "ents_f": 83.4242837653,
  "ents_p": 83.6222499296,
  "ents_per_type": {
    "LOC": {
      "f": 84.5247740729,
      "p": 83.9613686079,
      "r": 85.0957918514
    },
    "MISC": {
      "f": 69.5751658912,
      "p": 72.9526551504,
      "r": 66.4965738446
    },
    "ORG": {
      "f": 76.7328660436,
      "p": 78.3187599364,
      "r": 75.2099236641
    },
    "PER": {
      "f": 90.4295349663,
      "p": 89.615141068,
      "r": 91.2588665186
    }
  },
  "ents_r": 83.2272527121,
  "las": 82.2376009227,
  "las_per_type": {
    "acl": {
      "f": 67.2566371681,
      "p": 68.6746987952,
      "r": 65.8959537572
    },
    "acl:relcl": {
      "f": 54.2168674699,
      "p": 56.25,
      "r": 52.3255813953
    },
    "advcl": {
      "f": 50.0,
      "p": 47.6744186047,
      "r": 52.5641025641
    },
    "advcl:cleft": {
      "f": 0.0,
      "p": 0.0,
      "r": 0.0
    },
    "advmod": {
      "f": 83.9743589744,
      "p": 85.9016393443,
      "r": 82.131661442
    },
    "amod": {
      "f": 86.0736747529,
      "p": 84.7787610619,
      "r": 87.4087591241
    },
    "appos": {
      "f": 48.087431694,
      "p": 44.0,
      "r": 53.0120481928
    },
    "aux:caus": {
      "f": 0.0,
      "p": 0.0,
      "r": 0.0
    },
    "aux:pass": {
      "f": 94.4206008584,
      "p": 90.9090909091,
      "r": 98.2142857143
    },
    "aux:tense": {
      "f": 91.2698412698,
      "p": 90.5511811024,
      "r": 92.0
    },
    "case": {
      "f": 95.8446866485,
      "p": 95.8446866485,
      "r": 95.8446866485
    },
    "cc": {
      "f": 86.5740740741,
      "p": 86.976744186,
      "r": 86.1751152074
    },
    "ccomp": {
      "f": 64.6464646465,
      "p": 66.6666666667,
      "r": 62.7450980392
    },
    "conj": {
      "f": 52.5896414343,
      "p": 53.2258064516,
      "r": 51.968503937
    },
    "cop": {
      "f": 83.2369942197,
      "p": 86.7469879518,
      "r": 80.0
    },
    "csubj": {
      "f": 0.0,
      "p": 0.0,
      "r": 0.0
    },
    "dep": {
      "f": 34.0909090909,
      "p": 26.3157894737,
      "r": 48.3870967742
    },
    "det": {
      "f": 96.4983713355,
      "p": 97.3705834018,
      "r": 95.6416464891
    },
    "dislocated": {
      "f": 0.0,
      "p": 0.0,
      "r": 0.0
    },
    "expl:comp": {
      "f": 83.3333333333,
      "p": 71.4285714286,
      "r": 100.0
    },
    "expl:pass": {
      "f": 40.0,
      "p": 66.6666666667,
      "r": 28.5714285714
    },
    "expl:subj": {
      "f": 75.4098360656,
      "p": 79.3103448276,
      "r": 71.875
    },
    "fixed": {
      "f": 78.4946236559,
      "p": 85.8823529412,
      "r": 72.2772277228
    },
    "flat:foreign": {
      "f": 22.2222222222,
      "p": 50.0,
      "r": 14.2857142857
    },
    "flat:name": {
      "f": 89.3203883495,
      "p": 91.0891089109,
      "r": 87.619047619
    },
    "goeswith": {
      "f": 0.0,
      "p": 0.0,
      "r": 0.0
    },
    "iobj": {
      "f": 60.8695652174,
      "p": 66.6666666667,
      "r": 56.0
    },
    "mark": {
      "f": 85.9688195991,
      "p": 86.9369369369,
      "r": 85.0220264317
    },
    "nmod": {
      "f": 80.6613226453,
      "p": 80.985915493,
      "r": 80.3393213573
    },
    "nsubj": {
      "f": 81.0408921933,
      "p": 83.4183673469,
      "r": 78.7951807229
    },
    "nsubj:caus": {
      "f": 0.0,
      "p": 0.0,
      "r": 0.0
    },
    "nsubj:pass": {
      "f": 79.3103448276,
      "p": 77.5280898876,
      "r": 81.1764705882
    },
    "nummod": {
      "f": 89.9696048632,
      "p": 91.9254658385,
      "r": 88.0952380952
    },
    "obj": {
      "f": 79.8798798799,
      "p": 80.8510638298,
      "r": 78.9317507418
    },
    "obj:agent": {
      "f": 0.0,
      "p": 0.0,
      "r": 0.0
    },
    "obl:agent": {
      "f": 76.5432098765,
      "p": 79.4871794872,
      "r": 73.8095238095
    },
    "obl:arg": {
      "f": 63.5730858469,
      "p": 64.9289099526,
      "r": 62.2727272727
    },
    "obl:mod": {
      "f": 60.843373494,
      "p": 61.5853658537,
      "r": 60.119047619
    },
    "orphan": {
      "f": 0.0,
      "p": 0.0,
      "r": 0.0
    },
    "parataxis": {
      "f": 50.9803921569,
      "p": 56.5217391304,
      "r": 46.4285714286
    },
    "root": {
      "f": 84.0579710145,
      "p": 83.6538461538,
      "r": 84.4660194175
    },
    "vocative": {
      "f": 76.9230769231,
      "p": 100.0,
      "r": 62.5
    },
    "xcomp": {
      "f": 75.7679180887,
      "p": 78.1690140845,
      "r": 73.5099337748
    }
  },
  "tags_acc": 94.199751861,
  "token_acc": 98.5157129696,
  "uas": 86.4359861592
}